{"cameraMode":{"drawMode":0,"name":"Shaded","section":"Shading Mode"},"sceneLighting":true,"audioPlay":false,"sceneViewState":{"m_AlwaysRefresh":false,"showFog":true,"showSkybox":true,"showFlares":true,"showImageEffects":true,"showParticleSystems":true,"showVisualEffectGraphs":true,"m_FxEnabled":true},"in2DMode":false,"pivot":{"x":-25.36262321472168,"y":38.57957458496094,"z":-0.40030723810195925},"rotation":{"x":-0.09525948762893677,"y":-0.000911349372472614,"z":-0.00001443460405425867,"w":-0.9955363273620606},"size":30.343000411987306,"orthographic":false}