{"cameraMode":{"drawMode":0,"name":"Shaded","section":"Shading Mode"},"sceneLighting":true,"audioPlay":false,"sceneViewState":{"m_AlwaysRefresh":false,"showFog":true,"showSkybox":true,"showFlares":true,"showImageEffects":true,"showParticleSystems":true,"showVisualEffectGraphs":true,"m_FxEnabled":true},"in2DMode":false,"pivot":{"x":156.12014770507813,"y":56.418373107910159,"z":24.735759735107423},"rotation":{"x":0.24099040031433106,"y":-0.5836906433105469,"z":0.18689371645450593,"w":0.7525573372840881},"size":109.27629089355469,"orthographic":false}